1,Alexis Ajinça,AjincaAlexis42
2,Morris Almond,FreeMoAlmond
3,Giannis Antetokounmpo,Giannis_An34
4,Ömer Aşık,AsikOmer
5,Gustavo Ayón,Gustavo_Ayon15
6,Leandro Barbosa,TheBlurBarbosa
7,Andrea Bargnani,AndreaBargnani
8,Nicolas Batum,nicolas88batum
9,Marco Belinelli,marcobelinelli
10,Jonathan Bender,jonathanbender9
11,Keith Benson,RealKITO
12,Bismack Biyombo,bismackbiyombo
13,Andray Blatche,drayblatche
14,Craig Brackins,Cbrackins_33
15,Primož Brezec,Primozbrezec
16,Jon Brockman,MrJonBrockman
17,Derrick Brown,D_Brown4
18,Derrick Caracter,RebuildCaracter
19,Omri Casspi,Casspi18
20,Tyson Chandler,tysonchandler
21,Victor Claver,Victor_Claver
22,Sherron Collins,SHERRONCOLLINS4
23,Daequan Cook,DC4Three
24,Joe Crawford,JoeCrawford5
25,Zabian Dowdell,zayrd1
26,Goran Dragić,Goran_Dragic
27,Devin Ebanks,DevinEbanks3
28,Patrick Ewing,pewingjr6
29,Christian Eyenga,christeyenga31
30,Festus Ezeli,festus
31,Evan Fournier,EvanFourmizz
32,J.R. Giddens,JGidd4
33,Rudy Gobert,rudygobert27
34,Marcin Gortat,MGortat
35,Donté Greene,dontegreeneCOS
36,Taylor Griffin,tgriff32
37,Hamed Haddadi,HamedHaddadi15
38,Ben Hansbrough,bhans23
39,Justin Harper,Tru_Harp32
40,Terrel Harris,T_Harris87
41,Cory Higgins,chiggins11
42,Nenê,NeneHilario42
43,Darington Hobson,ParkaySmooth
44,Tyler Honeycutt,thoneycutt23
45,Dennis Horner,DHorner31
46,Lester Hudson,Lester26Hudson
47,Chris Hunter,biggame_hunter
48,Ersan İlyasova,Ersan
49,Darnell Jackson,DBlock_Official
50,Stephen Jackson,DaTrillStak5
51,Damion James,KONJames10
52,Othyus Jeffers,OthyusTheGreat
53,Jonas Jerebko,JonasJerebko
54,Eugene Jeter,PoohJeter
55,Amir Johnson,IamAmirJohnson
56,Armon Johnson,AJALLDAY1
57,Darius Johnson-Odom,KingMe_DJ1
58,DeQuan Jones,DequanMJones
59,Kris Joseph,RealKrisJo
60,Travis Leslie,FlightLeslie23
61,Shaun Livingston,ShaunLivingston
62,Scott Machado,_ScottMachado
63,Vernon Macklin,vernon_macklin
64,Ian Mahinmi,ianmahinmi
65,C.J. Miles,masfresco
66,Earl Monroe,EarlThePearl_15
67,Donatas Motiejūnas,DonatasMot
68,Kevin Murphy,KMurph_55
69,Boštjan Nachbar,BokiNachbar
70,Nerlens Noel,NerlensNoel3
71,Lucas Nogueira,Bebe92
72,Jermaine O'Neal,jermaineoneal
73,Charles Oakley,CharlesOakley34
74,Fabricio Oberto,obricio7
75,Zaza Pachulia,zaza27
76,Jeremy Pargo,ImJustPargo
77,Kendrick Perkins,KendrickPerkins
78,Mickaël Piétrus,MickaelPietrus
79,Pablo Prigioni,PPrigioni9
80,Dennis Rodman,dennisrodman
81,Dennis Schröder,DennisMike93
82,Thabo Sefolosha,ThaboSefolosha
83,Kevin Séraphin,french_savage
84,Tornike Shengelia,TokoShengelia23
85,Xavier Silas,XavierSilas
86,Garret Siler,Big_G_21
87,Sean Singletary,SeanSingletary
88,Jerry Smith,JSmith_8
89,Nolan Smith,NdotSmitty
90,Amar'e Stoudemire,Amareisreal
91,Jermaine Taylor,jtaylor8ball
92,Mirza Teletović,Teletovic33
93,Mychel Thompson,MychelThompson
94,Alando Tucker,DoeTuck
95,Hedo Türkoğlu,hidoturkoglu15
96,Jeremy Tyler,jeremytyler3
97,Beno Udrih,BenoUdrih1
98,Anderson Varejão,VAREJAOANDERSON
99,Jan Veselý,JanVesely24
100,Sasha Vujačić,SashaVujacic
101,Kyle Weaver,kyleweaver5
102,Martell Webster,MartellWebster
103,Sonny Weems,Sonny13
104,D.J. White,dj_white3
105,Royce White,Highway_30
106,Hassan Whiteside,youngwhiteside
107,Jordan Williams,Jwilliams20
108,Lou Williams,TeamLou23
109,Terrence Williams,TheRealTWill
110,Sam Young,SamYoung4
111,Luke Zeller,LukeZeller40
112,Ricky Ledo,REALRICKLEDO1
113,D.J. Stephens,DdotJAY30
114,Scotty Hopson,Shopson32
115,Dante Exum,daanteee
116,Jusuf Nurkić,bosnianbeast27
117,Bruno Caboclo,Bruno_Caboclo
118,Clint Capela,CapelaClint
119,Bogdan Bogdanović,LeaderOfHorde
120,Damien Inglis,DamienINGLIS
121,Edy Tavares,waltertavares22
122,Thanasis Antetokounmpo,Thanasis_ante43
123,Nemanja Dangubić,DangubicNemanja
124,JaKarr Sampson,KarrSampson14
125,Ronald Roberts,RonaldRoberts5
126,Dee Bost,1DEEBOST
127,Jack Cooley,JackCooligan45
128,Eric Moreland,EricMoreland15
129,Eric Griffin,EGRIFFDASTORY
130,Damjan Rudež,Damjan_Rudez
131,JaMychal Green,Jmyke1
132,Josh Davis,JoshDavis_22
133,Patric Young,PatricYoung4
134,Bojan Bogdanović,44Bojan
135,James Ennis III,JamesDa_Truth
136,David Stockton,dstockton32
137,Jarell Eddie,JarellEddie
138,Casey Prather,cprather24
139,Jamil Wilson,jamilwilson_22
140,Andre Dawkins,dre_dawkins
141,Shawn Jones,Slim_J12
142,Khem Birch,Khem_Birch
143,Langston Galloway,LangGalloway10
144,Travis Wear,traviswear
145,Aaron Craft,ACraft4
146,Mitchell Watt,mitchell_watt
147,Alex Oriakhi,aoriakhi42
148,Pierre Jackson,PAPPYGAWD
149,Tyler Johnson,Pusha650
150,Brock Motum,brockm12
151,Tarik Black,TarikBlack25
152,Brady Heslip,bradyheslip
153,Deonte Burton,DeonteBurton
154,Tim Frazier,Timfraz23
155,Rodney McGruder,RodneyMcGruder
156,Christian Watford,Cwat205
157,Kalin Lucas,Kjay24k
158,Joe Ingles,Joeingles7
159,Akil Mitchell,ajmitchell25
160,Roscoe Smith,scoesh0w
161,Jerel McNeal,jerel_mcneal
162,Sean Kilpatrick,SeanKilpatrick
163,Álex Abrines,alexabrines
164,Raul Neto,RaulTogni
165,Arsalan Kazemi,kazemiworld
166,Joffrey Lauvergne,1JOLOLO
167,Deshaun Thomas,Deshaunthomas_0
168,Tomáš Satoranský,satoransky
169,Furkan Aldemir,furkanaldemir19
170,Tomislav Zubčić,TomislavZubcic7
171,İlkan Karaman,ilknkrmn
172,Marcus Denmon,MizzouMonster12
173,Dāvis Bertāns,DBertans_42
174,Nemanja Bjelica,NemanjaBjelica
175,Latavious Williams,taybowl_
176,Sergio Llull,23Llull
177,Georgios Printezis,pripripri15
178,Cenk Akyol,cenkakyol
179,Sofoklis Schortsanitis,BigSofoGR
180,Elijah Millsap,Elijah_Millsap
181,Drew Crawford,TheRealDrewski1
182,Richard Solomon,richxsolo3
183,C.J. Fair,cjfair
184,Chris Crawford,clutchcrawford3
185,Karl-Anthony Towns,KarlTowns
186,D'Angelo Russell,Dloading
187,Kristaps Porziņģis,kporzee
188,Mario Hezonja,mariohezonja
189,Willie Cauley-Stein,THEwillieCS15
190,Emmanuel Mudiay,emmanuelmudiay
191,Stanley Johnson,iAmSJ
192,Frank Kaminsky,FSKPart3
193,Justise Winslow,IAmJustise
194,Myles Turner,Original_Turner
195,Trey Lyles,TreyLyles
196,Devin Booker,DevinBook
197,Cameron Payne,campayne
198,Kelly Oubre Jr.,KELLYOUBREJR
199,Terry Rozier,T_Rozzay3
200,Rashad Vaughn,ShowtimeMr1
201,Sam Dekker,dekker
202,Delon Wright,delonwright
203,Justin Anderson,JusAnderson1
204,Bobby Portis,BPortistime
205,Rondae Hollis-Jefferson,IAmCHAP24
206,Tyus Jones,1Tyus
207,Jarell Martin,MartinJarell
208,Nikola Milutinov,NMilutinov
209,Larry Nance Jr.,Larrydn22
210,Chris McCullough,briskuno
211,Kevon Looney,Loon_Rebel5
212,Cedi Osman,cediosman
213,Montrezl Harrell,MONSTATREZZ
214,Jordan Mickey,Jmickey_02
215,Anthony Brown,TwoShotOne
216,Willy Hernangómez,willyhg94
217,Rakeem Christmas,R_Xmas25
218,Richaun Holmes,Rich_Holmes22
219,Darrun Hilliard,DHilliard6X
220,Josh Richardson,J_Rich1
221,Joe Young,JoeyBuckets3
222,Andrew Harrison,DrewRoc5
223,Marcus Thornton,M3Thornton
224,Norman Powell,npowell2404
225,Artūras Gudaitis,GudaitisAG
226,Dakari Johnson,DakariJohnson
227,Aaron White,Aaron_White30
228,Tyler Harvey,YoungTRaaw
229,Satnam Singh,hellosatnam
230,Sir'Dominic Pointer,Sirdom1
231,Dani Díez,danidiez11
232,Cady Lalanne,Lac25_
233,Nikola Radičević,nikoradicevic
234,J.P. Tokoto,AirPierreTokoto
235,Luka Mitrović,mitar_mitar9
236,Ryan Boatright,Ryanboatright11
237,Maurice Ndour,Mauricendure
238,Cristiano Felício,IamFelicio
239,Wesley Saunders,shyxxm
240,Robert Upshaw,UPSHAW50
241,Cliff Alexander,CAlexander
242,Melvin Ejim,MelvinEjim
243,Terran Petteway,_TP5
244,T.J. McConnell,TJMcConnell
245,Scottie Wilbekin,scottiew_5
246,Aaron Harrison,AaronICE2
247,Christian Wood,Chriswood_5
248,Boban Marjanović,BobanMarjanovic
249,Jonathon Simmons,ThaRealJsimms
250,Michale Kyser,MichaleKyser
251,Axel Toupane,toups_33
252,Shannon Scott,3SScott
253,Jarrid Famous,MrFamous_CME
254,Salah Mejri,50Mejri
255,Terrico White,TerricoWhite5
256,Treveon Graham,TreBall21
257,Levi Randolph,LeviRandolph20
258,Malcolm Miller,MalcMili13
259,Mickey McConnell,MickeyMcConnell
260,Brad Wanamaker,phillybul_22
261,Mustapha Farrakhan,lilmu2
262,Matt Pressey,M_Pressive3
263,Luke Sikma,LCSikma43
264,Michael Stockton,MikeStock20
265,John Holland,Jholland_23
266,Ryan Thompson,RyT5
267,Jacob Pullen,Jpullz0
268,Matt Janning,mjanning23
269,Jonathan Gibson,jgiblife
270,Lazeric Jones,Zeek_Jones11
271,Bryant Dunston,Bryant_Dunston
272,Stephen Dennis,SDennis14
273,Garrett Stutz,Gstutz41
274,Lamont Mack,MONT_MACK
275,Mac Koshwal,Macmainstreet
276,Xavier Gibson,zaygibson
277,Jamarr Sanders,2_E_A_Z_Y
278,Olu Ashaolu,O_Ash
279,Malcolm Delaney,foe23
280,Patrick Richard,prichard_3
281,Vernon Goodridge,VeEG00D
282,Michael Snaer,MichaelSnaer21
283,Kyle Kuric,KingKK_14
284,Tony Taylor,2cooltone
285,Romero Osby,ROEOSBY24
286,Jared Berggren,jberggren40
287,Keith Clanton,Im_Keithclanton
288,Glen Dandridge,GlenDandridgeJr
289,A.J. Slaughter,ajslaughter8
290,Rodney Williams,YeahRod24
291,Khalif Wyatt,KhalifW05
292,Trevor Mbakwe,TMbakwe32
293,Jayson Granger,jaygranger11
294,Tim Abromaitis,timabro21
295,Omar Reed,DaJuice55
296,Travis Peterson,TPeterson42
297,Korie Lucious,KorieLucious
298,E.J. Singler,EJSingler
299,Jamelle Hagins,JamelleHagins
300,Myck Kabongo,MyckK9
301,Michael Dunigan,DarknessRises17
302,Jackie Carmichael,Jackie_C32
303,Amath M'Baye,Amath22Juice
304,Rašid Mahalbašić,RasidMahalbasic
305,Rodney Green,rodneygreen10
306,Angelo Sharpless,Lo_Tatted
307,Jordan Henriquez,TooTall2KnoSo1
308,B.J. Young,bjyoung_money11
309,C.J. Leslie,ncsu_cleslie
310,Eloy Vargas,EVargas30
311,Liam McMorrow,TheLiamMcMorrow
312,Max Kouguere,MaxOnTwitter
313,Zeke Marshall,Ziggy_Marsh
314,Scott Wood,ScottWood15
315,Kenny Kadji,KadjiKenneth
316,D.J. Seeley,vitaminDseeley
317,Abdul Gaddy,Gaddy253_
318,Durand Scott,durand_scott
319,Anthony Marshall,ANT_MARZ3
320,Brandon Triche,BrandonTriche
321,Zach Andrews,21zachandrews
322,Lance Goulbourne,Lg5live
323,Kyle Barone,KB33_
324,C.J. Harris,cjharris11
325,O.D. Anosike,Anosike_1
326,Laurence Bowers,LBowers_21
327,Gerald Robinson,GRJR22
328,Alexandre Paranhos,paranhos_24
329,Chamberlain Oguchi,ChampOguchi
330,Chace Stanback,ChaceStanback
331,Travis Releford,T_2releFOUR
332,Scott Suggs,scottro15
333,Clint Chapman,ChapFTW
334,Jordan Taylor,JMTaylor11
335,Devin Booker,DevinBooker31
336,Andrew Lawrence,Adrlawrence
337,Maurice Sutton,LordSuttonJr
338,Junior Cadougan,JRwontLOSE
339,Mike Bruesewitz,mbruesewitz31
340,Dexter Strickland,BadenJaxen_
341,Scoop Jardine,scoopjardine
342,Ricky Harris,RickyHarris5
343,Keydren Clark,KeydrenClark
344,Brandon Paul,BP3
345,Thomas Abercrombie,tomabo10
346,Jake Cohen,jacohen15
347,Trent Lockett,T_Lockett24
348,C.J. Aiken,cjaiken01
349,Will Clyburn,Da_Thrill21
350,Kyle Randall,KRandy_12
351,Alade Aminu,Aminu_34
352,Vince Hunter,2easy32
353,Marcelo Huertas,Huertas09
354,Nick Wiggins,Wiggys__WORLD
355,Jon Horford,Horford4rep
356,Nnanna Egwu,egwu_32
357,Jordan Sibert,Smooth_Jordan
358,Michael Holyfield,holybigfella
359,Dan Nwaelele,DanielNwaelele
360,Devin Sweetney,DSweetney1
361,Edgar Sosa,Edgarsosa10
362,Corey Webster,cwebster9
363,Will Cummings,willcummings_
364,Denzel Livingston,denzel_trey10
365,Chris Walker,kingsky23
366,Jordan Bachynski,BLOCKchynski
367,Tre Kelley,TreKel1ey
368,Greg Whittington,Built4Bucketz
369,Quinn Cook,QCook323
370,Travis Trice,Ttrice20
371,Youssou Ndoye,yndoye35
372,Keifer Sykes,ksykesyb
373,Michael Qualls,Mr_WALKONAIR
374,Dez Wells,_DezWells
375,Sam Thompson,SlamIAm12
376,Jason Washburn,jaywash42
377,Mirza Begić,BegicMirzaBM
378,Briante Weber,Sir_deuce2
379,Chris Udofia,dofboyfresh34
380,Julian Washburn,smoothlikeju
381,Mike Cobbins,The1_MikeCobbs
382,Eric Atkins,EAtkins0
383,Alan Williams,alantwilliams
384,Xavier Munford,xaviermunford
385,Courtney Fells,Papi_Fells
386,Ben Simmons,BenSimmons25
387,Brandon Ingram,B_Ingram13
388,Dragan Bender,DBender03
389,Kris Dunn,KrisDunn3
390,Buddy Hield,buddyhield
391,Jamal Murray,BeMore27
392,Marquese Chriss,quese
393,Jakob Poeltl,JakobPoeltl
394,Domantas Sabonis,Dsabonis11
395,Taurean Prince,taureanprince
396,Georgios Papagiannis,G_P_06
397,Denzel Valentine,denzelvalentine
398,Juancho Hernangómez,juanchiviris41
399,Guerschon Yabusele,DTP_Mario
400,Wade Baldwin,The_Fourth_Wade
401,Henry Ellenson,HenryEllenson13
402,Malik Beasley,Mb5Malik
403,Caris LeVert,CarisLeVert
404,DeAndre' Bembry,fearthefro95
405,Malachi Richardson,KingMali23
406,Ante Žižić,Ante__Zizic
407,Brice Johnson,bjohnson_23
408,Furkan Korkmaz,FurkanKorkmaz
409,Pascal Siakam,pskills43
410,Skal Labissière,OneBigHaitian
411,Dejounte Murray,DejounteMurray
412,Damian Jones,dameology
413,Deyonta Davis,DeyontaDavis_04
414,Ivica Zubac,ivicazubac
415,Cheick Diallo,cheick_diallo13
416,Tyler Ulis,tulis3
417,Rade Zagorac,zagorac_rade
418,Malcolm Brogdon,MalcolmBrogdon7
419,Chinanu Onuaku,chinanu_onuaku
420,Patrick McCaw,PMcCaw0
421,Diamond Stone,Diamond_Stone33
422,Stephen Zimmerman,BIGG_ZIMM
423,Isaiah Whitehead,isaiahwhitehead
424,Zhou Qi,officialzhouqi
425,Isaïa Cordinier,izaycordinier
426,Demetrius Jackson,D_Jay11
427,Jake Layman,JLayman10
428,Paul Zipser,paulzzip
429,Michael Gbinije,mikegbinije
430,Georges Niang,GeorgesNiang20
431,Ben Bentil,benbentil
432,Joel Bolomboy,Bolomboy21
433,Marcus Paige,marcuspaige5
434,Abdel Nader,AbdelNader2
435,Tyrone Wallace,TyWallace661
436,Marshall Plumlee,marshallplumlee
437,Mindaugas Kuzminskas,MKuzminskas
438,Stefan Janković,StefanJ33
439,Dorian Finney-Smith,doefinney_10
440,Okaro White,owhite10
441,Danuel House Jr.,DanuelHouseJr
442,Nicolás Brussino,nicoobrussino
443,Ryan Arcidiacono,RyArch15
444,Bryn Forbes,BrynjForbes
445,Fred VanVleet,FredVanVleet
446,Matt Costello,MattCostello10
447,Kyle Collinsworth,bigrussia5
448,Egidijus Mockevičius,Egidijus55
449,Keith Hornsby,KHornsby4
450,Jameel Warney,Fullcoursemeelz
451,Yogi Ferrell,YogiFerrell11
452,Sheldon Mac,sheldonmacc
453,Beau Beech,beaubeech02
454,Mike Tobey,miketobey10
455,Tim Quarterman,TimQuarterman1
456,Patricio Garino,patitogarino
457,Ron Baker,RonBaker31
458,Troy Williams,troywilliams_
459,Jarrod Uthoff,Mr_Uthoff
460,Wayne Selden,WayneSeldenJr
461,Chasson Randle,ChassonRandle
462,Yanick Moreira,Ymoreira02
463,Marcus Georges-Hunt,GTMGH3
464,Alex Poythress,AlexTheGreat22
465,Zach Auguste,ZachEliAuguste
466,Cat Barber,catbarber1994
467,Andrew Andrews,Drew_squared
468,Rasheed Sulaimon,sheed_ctmd1
469,Nick Zeisloft,n_zeis2
470,Quincy Ford,Qman_12
471,D'Vauntes Smith-Rivera,DSR43
472,Nikola Jovanović,Nik_Jovanovic
473,C.J. Williams,C_Will21
474,Damion Lee,Dami0nLee
475,J.J. Avila,NotLilJay
476,Derrick Jones Jr.,TheRea1DJones
477,Kyle Wiltjer,kwiltj
478,Isaiah Taylor,Zay_Ctmd11
479,Alex Caruso,ACFresh21
480,Thomas Walkup,twalkup23
481,Nicolás Laprovíttola,nicolapro7
482,Gracin Bakumanya,gbakumanya
483,Derek Cooke,DCookeJr
484,Josh Magette,joshmagette
485,Vashil Fernandez,vashilluv_bball
486,Mamadou N'Diaye,mamadoundiaye14
487,Le'Bryan Nash,LBgetbuckets02
488,David Nwaba,dnwaba0
489,Markelle Fultz,MarkelleF
490,Lonzo Ball,ZO2_
491,Jayson Tatum,jaytatum0
492,Josh Jackson,j_josh11
493,De'Aaron Fox,swipathefox
494,Jonathan Isaac,JJudahIsaac
495,Lauri Markkanen,MarkkanenLauri
496,Frank Ntilikina,FrankLikina
497,Dennis Smith Jr.,Dennis1SmithJr
498,Malik Monk,AhmadMonk
499,Luke Kennard,LukeKennard5
500,Donovan Mitchell,spidadmitchell
501,Bam Adebayo,Bam1of1
502,Justin Jackson,JJacks_44
503,Justin Patton,JustinPatton17
504,D.J. Wilson,Lanky_Smoove
505,T.J. Leaf,leafsquad22
506,John Collins,jcollins20_
507,Harry Giles,HGiiizzle
508,Terrance Ferguson,Fergskii
509,Jarrett Allen,_bigjayy_
510,Tyler Lydon,Tyler_Lydon14
511,Anžejs Pasečņiks,AnzejsP
512,Caleb Swanigan,calebswanigan50
513,Kyle Kuzma,kylekuzma
514,Tony Bradley,ToBrad1
515,Derrick White,Dwhite921
516,Josh Hart,joshhart
517,Frank Jackson,FWJackson15
518,Davon Reed,ClutchREED_5
519,Wes Iwundu,_Iwundu25
520,Frank Mason III,FrankMason0
521,Ivan Rabb,YoungIvee
522,Jonah Bolden,Jonahbolden43
523,Semi Ojeleye,semi
524,Jawun Evans,j3vans1_
525,Tyler Dorsey,TDORSEY_1
526,Thomas Bryant,nolimittb31
527,Isaiah Hartenstein,Ipjh55
528,Dillon Brooks,dillonbrooks24
529,Sterling Brown,thatnegus_sb
530,Ike Anigbogu,IkePostrs_
531,Sindarius Thornwell,Sin_City_803
532,Vlatko Čančar,CancarVlatko
533,Mathias Lessort,ThiasLsf
534,Monte Morris,BigGameTae
535,Edmond Sumner,EdmondSumner
536,Kadeem Allen,AllenKadeem
537,Alec Peters,petersalec
538,Nigel Williams-Goss,NigelWG5
539,Jabari Bird,Jabari_Bird
540,Jaron Blossomgame,JaronBgame
542,Kobi Simmons,JordanKobi
543,Michael Young,Showwtimee2
544,Jeremy Morgan,jmodashow20
545,Miloš Teodosić,MilosTeodosic4
546,Cameron Oliver,SpaceCamm
547,Jalen Moore,JalenMoore14
548,Alfonzo McKinnie,_Alvo_
549,JeQuan Lewis,thatlewiskid1
550,Bronson Koenig,BronsonK_24
551,Maxi Kleber,MaxiKleber
552,Devin Robinson,drob7nson
553,Antonio Blakeney,blakeney96
554,Chris Boucher,chrisboucher
555,Royce O'Neale,BucketsONeale00
556,Torrey Craig,TCraig_23
557,Kennedy Meeks,Asapmeeks03
558,Matt Williams,1mattwill2
559,Daniel Theis,dtheis10
560,Landry Nnoko,landry_nnoko
561,Gian Clavell,clavelito04
562,Mangok Mathiang,M_Mango32
563,Charles Cooke,c4_cooke
564,T.J. Williams,GogettaTJWill
565,Isaiah Hicks,IDHicks
566,Milton Doyle,MDLU35
567,Jeremy Senglin,Jsenglin_30
568,PJ Dozier,Dozier_Kid
569,V.J. Beachem,VJBeachem
570,Jacob Wiley,Jwiley_24
571,Ben Moore,JaminTheFiend
572,Antonius Cleveland,ac_uno1
573,Andrew White,AndrewWhite03
574,Nigel Hayes,NIGEL_HAYES
575,Jamel Artis,melartis1
576,Troy Caupain,caupain10
577,Xavier Rathan-Mayes,xrm_22
578,London Perrantes,London_Tyus
579,L.J. Peak,ljpeak2
580,Tyler Cavanaugh,tycav34
581,Matt Jones,matt9jones
582,Trey McKinney-Jones,TreyMJ04
583,Naz Mitrou-Long,NazzyJML
584,Isaiah Briscoe,ZayBriscoe
585,Peter Jok,Jok_City14
586,Terry Henderson,t_henny3
587,Jaylen Johnson,JayGlooo10
588,JaJuan Johnson,JaJuanJohnson
589,Alex Hamilton,ahamilton0
590,Jordan Mathews,JordanMathews22
591,Luke Petrasek,Luke_Petrasek
592,Amida Brimah,amidabrimah
593,Bryce Alford,balford20
594,Rashawn Thomas,Sobeastly_25
595,JaCorey Williams,_JWilliams22
596,Taylor Braun,taylorbraun2324
597,LaDontae Henton,HentonBuckets23
598,Rodney Purvis,Gpurvooo
599,Torian Graham,Torian_Graham
600,Daniel Dixon,DanielD_Dixon
601,Kamari Murphy,21__louie
602,Tahjere McCall,215tahj
603,Yannis Morin,YannisMorin
604,Isaac Hamilton,Isaacham_10
605,Davion Berry,DavionBerry
606,Derek Willis,derekxwillis
607,Trevor Thompson,TrevBallinTrey2
608,Tidjan Keita,KTidjan
609,Kendall Pollard,__KP
610,Ike Iroegbu,Be_LikeIKE
611,Marc Loving,lovingthegame32
612,Yakuba Ouattara,yakubaouattara
613,Myke Henry,mykehenry20
614,Josh Gray,ThatsJoshGray
615,Walt Lemon Jr.,WaltLemon
616,Jaylen Morris,jay_morris30
617,Deandre Ayton,DeandreAyton
618,Marvin Bagley III,MB3FIVE
619,Luka Dončić,luka7doncic
620,Jaren Jackson Jr.,jarenjacksonjr
621,Trae Young,TheTraeYoung
622,Mo Bamba,TheRealMoBamba
623,Wendell Carter Jr.,wendellcarter34
624,Collin Sexton,CollinSexton02
625,Kevin Knox,KevKnox
626,Mikal Bridges,mikal_bridges
627,Shai Gilgeous-Alexander,shaiglalex
628,Miles Bridges,MilesBridges
629,Michael Porter Jr.,MPJr
630,Troy Brown Jr.,Troy_Brown33
631,Zhaire Smith,zhaire_smith
632,Donte DiVincenzo,Divincenzo
633,Lonnie Walker IV,lonniewalker_4
634,Kevin Huerter,KevinHuerter
635,Josh Okogie,CallMe_NonStop
636,Grayson Allen,GraysonJAllen
637,Aaron Holiday,The_4th_Holiday
638,Anfernee Simons,AnferneeSimons
639,Moritz Wagner,moritz_weasley
640,Landry Shamet,landryshamet
641,Robert Williams,rob_williamsIII
642,Jacob Evans,JacobEvans_1
643,Džanan Musa,DzMusa
644,Omari Spellman,Omarispellman
645,Elie Okobo,ElieOkobo_0
646,Jevon Carter,nextlevel_03
647,Jalen Brunson,jalenbrunson1
648,Devonte' Graham,Devonte4Graham
649,Mitchell Robinson,23savage____
650,Gary Trent Jr.,gtrentjr
651,Khyri Thomas,Khyri_2
652,Isaac Bonga,isaacbonga
653,Rodions Kurucs,RODIONS1
654,Jarred Vanderbilt,JVando
655,Bruce Brown,BruceBrown11
656,Issuf Sanon,SanonIssuf
657,Hamidou Diallo,hamidoudiallo
658,De'Anthony Melton,DeAnthonyMelton
659,Svi Mykhailiuk,Sviat_10
660,Keita Bates-Diop,KBD_33
661,Chimezie Metu,Chimezie_Metu
662,Alize Johnson,AlizeJohnson
663,Tony Carr,Tone10Carr
664,Vince Edwards,VE_12
665,Shake Milton,SniperShake
666,Arnoldas Kulboka,kulboka98
667,Ray Spalding,RaySpalding_4
668,Kevin Hervey,kherv_25
669,Thomas Welsh,tomwelsh40
670,George King,2bkings
671,Malik Newman,iammaliknewman
672,Jaylen Adams,10jadams
673,J.P. Macura,jpmacura
674,Jared Terrell,TheJaredTerrell
675,Ángel Delgado,AngelDelgado
676,Billy Preston,nolimitbill
677,Duncan Robinson,D_Bo20
678,Ryan Broekhoff,RBroekhoff45
679,Keenan Evans,K3vans12
680,Garlon Green,G650G
681,Yuta Watanabe,wacchi1013
682,Kenrich Williams,williamskenrich
683,Ding Yanyuhang,OfficialDing8
684,Joel Berry,JoelBerryII
685,Trevon Duval,DatGuy_Trey
686,Rawle Alkins,Iam_RawleAlkins
687,Daryl Macon,_dmacon4
688,Terry Larrier,_TL22
689,Wenyen Gabriel,WenyenGabriel
690,Brandon McCoy,Mccoy_blvd
691,Jairus Lyles,_jlyles
692,Jordan McLaughlin,itsmclaughlin11
693,Kendrick Nunn,nunnbetter_
694,Johnny Hamilton,johnny_tall
695,Theo Pinson,tpinsonn
696,Codi Miller-McIntyre,CMMPatience
697,Braian Angola,Angola2411
698,Johnathan Williams,Iam_J3
699,Gary Clark,Gary11_Clark
700,Jaylen Barford,Jbarford1
701,Isaiah Wilkins,isaiahwilkins21
702,Zach Smith,SuperDuperZach
703,Norvel Pelle,NorvelPelle05
704,Emanuel Terry,EmanuelTerry08
705,Jordan Loyd,mrjloyd
706,Jordan Barnett,JBounce33
707,Rob Gray,iRob_G
708,Zach Lofton,ZachLofton
709,Marcus Lee,JustMarcusLee
710,Elijah Stewart,Lou_weezy_ana
711,DeVaughn Akoon-Purcell,dap44_
712,Doral Moore,Dmo2Tall
713,Trey Lewis,Treylew3
714,Donte Grantham,DonteGrantham32
715,Brandon Goodwin,goodysav
716,Gabe York,gabeyork32
717,Jeff Roberson,j5robe
718,Nick King,CrownMeKing5_
719,Justin Bibbs,JustinBibbs10
720,Desi Rodriguez,desirodriguez6
721,Chris Chiozza,Chiozza11
722,Tiwian Kendley,princeofharlem8
723,Scoochie Smith,scoochstackin
724,Deng Adel,Foreverdeng
725,Bonzie Colson,Bacolson35
726,Robert Johnson,RoJoJr
727,Kaiser Gates,Kaisergates
728,Ike Nwamu,ike_nwamu
729,Tyrius Walker,iam_twalk
730,Drew Eubanks,DrewEubanks12
731,Jonathan Stark,jonathanstark02
732,Ismaila Kane,ladsame1997
733,Cameron Reynolds,CamoCinco
734,Nuni Omot,nuniomot21
735,Devin Davis,DevDavis15
736,Phillip Carr,PhilippeChow_
737,Taren Sullivan,sullyballer1423
738,Gabe Vincent,iamgabevincent2
739,Billy Garrett,BGarrett_5
740,Paul Watson,_PWJiii
741,Jeff Coby,JC40A3
742,Isaac Humphries,IsaacHumphries7
743,Donte Ingram,kingram_0
744,C.J. Anderson,cjanderson_23
745,DJ Hogg,Dj_hogg1
746,John Petrucelli,John_Petrucelli
747,Ángel Rodríguez,angel13pr
748,Raphiael Putney,RRPUTNEY3
749,William Lee,Haha34lee1
750,Canyon Barry,cbarry719
751,Demetrius Denzel-Dyson,DenzelDyson22
752,Tim Bond,itsbout_TIM
753,Stephan Hicks,SmoovSteph
754,Dairis Bertāns,DairisBertans
755,Cody Demps,CodyDemps
756,Dusty Hannahs,D_Hannahs
757,Jemerrio Jones,JemerrioJ
758,Zion Williamson,Zionwilliamson
759,Ja Morant,JaMorant
760,RJ Barrett,RjBarrett6
761,De'Andre Hunter,DreHunter
762,Darius Garland,dariusgarland22
763,Coby White,CobyWhite
764,Cam Reddish,camreddish
765,P.J. Washington,PJWashington
766,Tyler Herro,raf_tyler
767,Romeo Langford,yeahyeah22
768,Chuma Okeke,chuma_okeke
769,Nickeil Alexander-Walker,NickeilAW
770,Luka Šamanić,SamanicLuka
771,Matisse Thybulle,MatisseThybulle
772,Brandon Clarke,brandonclarke23
773,Grant Williams,Grant2Will
774,Darius Bazley,BazleyDarius
775,Nassir Little,2ez_nassie
776,Mfiondu Kabengele,Mfiondu
777,Keldon Johnson,imthe_truth32
778,Nic Claxton,_claxton33
779,KZ Okpala,kz_okpala_
780,Carsen Edwards,Cboogie_3
781,Cody Martin,cody_martin15
782,Daniel Gafford,Dan_G33
783,Justin James,1JustinJames
784,Eric Paschall,epaschall
785,Admiral Schofield,admiralelite15
786,Jaylen Nowell,JaylenNowell
787,Bol Bol,BolBol
788,Isaiah Roby,roby_isaiah
789,Talen Horton-Tucker,Thortontucker
790,Ignas Brazdeikis,_iggy_braz
791,Terance Mann,terance_mann
792,Quinndary Weatherspoon,IAM_QUINN11
793,Jarrell Brantley,jstuntbrantley
794,Tremont Waters,WatersTremont
795,Jalen McDaniels,jalenmcdaniels5
796,Justin Wright-Foreman,JayWright_3
797,Marial Shayok,MarialShayok
798,Kyle Guy,kylejguy
799,Jaylen Hands,JHANDS08
800,Jordan Bone,JordanBone23
801,Miye Oni,PrinceOni13
802,Dewan Hernandez,DewanGoesFor_20
803,Vanja Marinković,vanjam32
804,Nicolò Melli,NikMelli
805,Naz Reid,NazReid
806,Amir Coffey,coffeyshop_
807,Dean Wade,deanwade3232
808,Garrison Mathews,gmathews_24
809,Jared Harper,Therealvinoo
810,Jaylen Hoard,JaylenHoard
811,John Konchar,konchjitty55
812,Kris Wilkes,kadw31
813,Luguentz Dort,luthebeast
814,Robert Franks,RoBo_22
815,Zach Norvell,ZachN_23
816,Zylan Cheatham,1KingZ4
817,Ky Bowman,KyranBowman
818,Josh Reaves,jreaves23
819,Tyler Cook,iamtc25
820,Kelan Martin,kelan30_
821,Aric Holman,AricHolman
822,Caleb Martin,Calebmartin14
823,Chris Clemons,idropcoldbucks
824,Chris Silva,SilvaObame
825,Dakota Mathias,DMathias31
826,DaQuan Jeffries,daquanjeffries2
827,David Kramer,K7davidK
828,Dedric Lawson,DSmoove1_2many
829,Devontae Cacok,Vontae__15
830,Hassani Gravett,BestThingSince_
831,Jakeenan Gant,JakeenanG23
832,Javonte Green,2Xtremebounce
833,Jeremiah Martin,4k_Jeremiah
834,Josh Perkins,JoshPerk13
835,Justin Robinson,5Alive_
836,Kavell Bigby-Williams,Kavell6ft11
837,Kyle Alexander,KyleJamal4
838,Luke Maye,luke_maye
839,Oshae Brissett,Obrissy
840,Phil Booth,Philb_5
841,Sagaba Konate,sagaba50
842,Shamorie Ponds,ShamorieP
843,Stanton Kidd,StantonKidd11
844,Tacko Fall,tackofall99
845,Vic Law,Followthe_LAW
846,William Howard,whow25
847,Todd Withers,DatDude_Todd
848,Daulton Hommes,dchommes
849,Ahmed Hill,MED_XIII
850,Alex Robinson,arob25_
851,Jalen Lecque,jalenlecque10
852,Vincent Poirier,viinze_17P
853,Juwan Morgan,juwanmorgan
854,Kenny Wooten,kennywootenjr
855,Terence Davis,TerenceDavisJr
856,Rayjon Tucker,th3flighttuck
857,Lamar Peters,headshotpeters_
858,Armoni Brooks,snipabrooks_
859,Justin Simon,simon_Says_so
860,Marques Bolden,MarquesB__
861,Mychal Mulder,MychalMulder
862,Lindell Wigginton,Lwigginton5
863,Moses Brown,MosesBrown_
864,Juan Toscano-Anderson,juanonjuan10
865,Jordan Murphy,jordanmurphy24
866,Perrion Callandret,Perriontf
867,Bryce Brown,Bwb_2
868,John Bohannon,johnbohannon21
869,Javon Bess,Jb_Bizzle
870,Norense Odiase,kingno_
871,Yudai Baba,yudai_baba
872,Simisola Shittu,LanX_Sims
873,Anthony Edwards,theantedwards_
874,Obi Toppin,obitoppin1
875,LaMelo Ball,MELOD1P
876,Killian Hayes,iam_killian
877,Isaac Okoro,isaacokoro303
878,Tyrese Haliburton,TyHaliburton22
879,Tyrese Maxey,TyreseMaxey
880,Precious Achiuwa,PreciousAchiuwa
881,Cole Anthony,The_ColeAnthony
882,Isaiah Stewart,Dreamville_33
883,R.J. Hampton,RjHampton14
884,Devin Vassell,Yvngdevo
885,Xavier Tillman Sr.,Rookiedunker
886,Kira Lewis Jr.,kiralewisjr
887,Jalen Smith,thejalen_smith
888,Zeke Nnaji,ZekeNnaji_Hoopz
889,Jaden McDaniels,Jmcdaniels7
890,Kamar Baldwin,kamar3baldwin
891,Desmond Bane,DBane0625
892,CJ Elleby,EllebyCj
893,Trent Forrest,TForrest_11
894,Markus Howard,markushoward11
895,Isaiah Joe,zai_joe1
896,Payton Pritchard,paytonpritch3
897,Immanuel Quickley,IQ_GodSon
898,Lamar Stevens,LamarStevens11
899,Abdoulaye N'Doye,Ndoye_11
900,Justinian Jessup,justinian_10
901,Sean McDermott,SMcDermott30
902,Jae'Sean Tate,o_tate_
906,Bobby Brown,BBROWNLAU
909,Serge Ibaka,sergeibaka
911,Avery Johnson,CoachAvery6
916,Terry Porter,terryporter30
922,Ben Wallace,FearTheFro
924,Jānis Timma,janis_timma
925,Ryan Richards,ryanr1chards
926,Talib Zanna,talibzanna42
927,Jerian Grant,JerianGrant
929,Shane Lawal,2typesofkiller
930,Vincent Council,DAy1_VC
931,Chris Goulding,ChrisGoulding43
932,Renaldo Woolridge,Swiperboy
933,Ron Howard,roho19_
934,Richard Howell,1richowell
935,Dominic Waters,DomWaters7
936,Nick Minnerath,NickMinnerath
937,Thon Maker,ThonMaker14
938,Timothé Luwawu-Cabarrot,timcabs
939,Petr Cornelie,Petr_Cornelie
940,Elgin Cook,Ecook23_
941,Shaquille Harrison,ShaqHarrison_3
942,Gary Payton II,Garydwayne
943,Chris Obekpa,Ewa_oche
944,Zach Collins,zcollins_33
945,Damyean Dotson,wholeteamDot
946,Mike James,TheNatural_05
948,Derrick Walton,DerrickWalton10
949,James Blackmon,JBlackmon2
950,Melo Trimble,TrimbleMelo
951,Amile Jefferson,AmileJefferson
952,George de Paula,_georgelucas14
953,Jerome Robinson,Rome_Coldbucks1
954,Melvin Frazier,melvinjrrr
955,Kostas Antetokounmpo,Kostas_ante13
956,Allonzo Trier,ISO_ZO
957,Deonte Burton,DeeBurton30
958,Yante Maten,YoungMoney__11
959,Joe Chealey,jace_emmanuel_
960,Jeffrey Carroll,JeffCarrollJr
961,B.J. Johnson,Bean_J20
963,Haywood Highsmith,haywood24_7
964,Jarrett Culver,jarrettc08
965,Sekou Doumbouya,sekou_doums
966,Ty Jerome,tyjerome_
967,Kevin Porter Jr.,Kevinporterjr
968,Bruno Fernando,BrunoFernandoMV
969,Didi Louzada,Didi
970,Adam Mokoka,AdamMokoka_
971,Charlie Brown Jr.,charleskbrownjr
972,Louis King,LouisKing
973,Isaiah Miles,freakyzeke_32
974,Tariq Owens,Sneaky_Bounce
975,Matt Thomas,Theiceman_21
976,Eric Mika,erc95
977,Amir Hinton,MirHinton_22
978,Matt Mooney,Matt_M_Mooney
979,Kavion Pippen,kavionp33
981,Shaq Buchanan,ShaqLeroy
983,Aaron Nesmith,aaronnesmith24
984,Saddiq Bey,SaddiqBey
986,Tre Jones,Tre3Jones
987,Vernon Carey Jr.,vernoncarey22
988,Daniel Oturu,oturu65
989,Patrick Williams,patricklw4
990,Nico Mannion,niccolomannion
991,Cassius Stanley,cassius_stanley
992,Ty-Shon Alexander,5Tyshon
993,Leandro Bolmaro,BolmaroLeandro
994,Mamadi Diakite,_mdiakite
995,Lamine Diane,laminediane35
996,Kristian Doolittle,kristiandoolit1
997,Devon Dotson,d_dotson1
998,Paul Eboua,paul_eboua
999,Malik Fitts,MalikFitts
1000,Jordan Ford,jordan_ford_
1001,Josh Green,JoshBGreen
1002,Ashton Hagans,H23Ash
1003,Josh Hall,jay5mula
1004,Jalen Harris,TheJalenHarris
1005,Nate Hinton,thatup_coming14
1006,Elijah Hughes,elijahhughes4_
1007,Mason Jones,masonjones2
1008,Nathan Knight,nateknght
1009,Anthony Lamb,AnthonyMLamb
1010,Saben Lee,SabenLee
1011,Naji Marshall,MarshallNaji
1012,Skylar Mays,skylarmays4
1013,Sam Merrill,smerrill05
1014,Jordan Nwora,JordanNwora
1015,Reggie Perry,_R1bang_
1016,Aleksej Pokusevski,aleksejpokusevs
1017,Myles Powell,YDWILU
1018,Trevelin Queen,trev_up
1019,Paul Reed,Bball_paul
1020,Nick Richards,iamnickrichards
1021,Grant Riller,grantriller97
1022,Jay Scrubb,jayscrubb
1023,Dwayne Sutton,DwayneSutton
1024,Tyrell Terry,tyterry05
1025,Killian Tillie,KillianTillie
1026,Tres Tinkle,tres_tinkle3
1027,Kaleb Wesson,Elite_Hooper99
1028,Kahlil Whitney,KahlilWhitney
1029,Cassius Winston,cassiuswinston
1030,Robert Woodard II,Raw2512
1031,Jahmi'us Ramsey,newanimprovedJR
1032,Vit Krejci,v_krejci
1033,Marko Simonovic,simke12
1034,Jahlil Tripp,Swaggy__jah
1035,Freddie Gillespie,freddieg_33
1036,Zavier Simpson,Xaviersimpson3
1037,Omer Yurtseven,OmerYurtseven5
1038,Nate Darling,natedarling14
1039,Jake Toolson,jtoolgoinham
1048,Alaa Abdelnaby,alaatweets
1049,Kareem Abdul-Jabbar,kaj33
1050,Shareef Abdur-Rahim,ShareefAbdur_R
1051,Quincy Acy,QuincyAcy
1052,Jalen Adams,ja4hunnid
1053,Jordan Adams,jordanadams1231
1054,Steven Adams,RealStevenAdams
1055,Jalen Adaway,Jmamba3
1056,Jeff Adrien,Adrien4
1057,Ochai Agbaji,youngoch
1058,Maurice Ager,moeager
1059,Danny Ainge,danielrainge
1060,James Akinjo,james_akinjo
1061,Santi Aldama,santialdama
1062,Cole Aldrich,colea45
1063,LaMarcus Aldridge,aldridge_12
1065,Lavoy Allen,chefVOYardee
1066,Malik Allen,THEleekAllen30
1067,Ray Allen,greenRAYn20
1068,Tony Allen,aa000G9
1070,Derrick Alston Jr.,deejuusz
1071,Jose Alvarado,AlvaradoJose15
1072,John Amaechi,JohnAmaechi
1073,Al-Farouq Aminu,farouq1
1074,Lou Amundson,LouAmundson17
1075,Alan Anderson,ASqared06
1076,Kenny Anderson,chibbs_1
1078,Kyle Anderson,KyleAnderson5
1079,Alex Antetokounmpo,alex_ante29
1080,Carmelo Anthony,carmeloanthony
1081,Greg Anthony,GregAnthony50
1082,Robert Archibald,RobertArchibald
1083,Gilbert Arenas,agentzeroshow
1084,Trevor Ariza,TrevorAriza
1085,Adonis Arms,adonis_arms_25
1086,B.J. Armstrong,bjarmstrong
1087,Metta World Peace,MettaWorldPeace
1088,Darrell Arthur,DarrellArthur00
1089,Brandon Ashley,_Bash21
1090,D.J. Augustin,augustinDj14
1091,Joel Ayayi,joel_ayayi
1092,Kelenna Azubuike,KAzubuike7
1093,Udoka Azubuike,udoka35
1094,Luke Babbitt,Realbabbitt08
1095,Ibou Badji,DiankoIbou
1096,Patrick Baldwin Jr.,_pbaldwin23
1097,Renaldo Balkman,R_Balkman32
1098,LiAngelo Ball,LiAngeloBall
1099,Mitch Ballock,Mitchbballin24
1100,Paolo Banchero,Pp_doesit
1101,James Banks III,1jamesbanks
1102,Dalano Banton,DALANOBANTON
1103,J.J. Barea,jjbareapr
1104,Dominick Barlow,Dominickbarlow_
1105,Harrison Barnes,hbarnes
1106,Matt Barnes,Matt_Barnes22
1107,Scottie Barnes,ScottBarnes561
1108,Earl Barron,earldee
1109,Brent Barry,Barryathree
1110,Rick Barry,Rick24Barry
1111,Will Barton,WillTheThrillB5
1113,Paris Bass,parisbass35
1115,Charles Bassey,CB_ONES23
1116,Shane Battier,ShaneBattier
1117,Troy Baxter Jr.,WitnessTroy
1118,Jerryd Bayless,jerrydbayless
1119,Elgin Baylor,theelginbaylor
1120,Aron Baynes,aronbaynes
1121,Kent Bazemore,24Bazemore
1122,Bradley Beal,RealDealBeal23
1123,Justin Bean,justinbean34
1124,Michael Beasley,Michael8easley
1125,MarJon Beauchamp,Marjon32
1126,Juhann Begarin,BegarinJuhann
1127,Charlie Bell,flintstone14
1128,Jordan Bell,1jordanbell
1129,Troy Bell,TroyBellS2P
1131,Anthony Bennett,AnthonyBennett
1132,Jules Bernard,juleslbernard
1133,Hugo Besson,HugoBesson8
1134,Patrick Beverley,patbev21
1135,Tyler Bey,Tbeeyy
1138,Chauncey Billups,1MrBigShot
1139,Marcus Bingham Jr.,marcusbingham0
1140,Goga Bitadze,GogaBiitadze
1141,DeJuan Blair,DeJuan45
1142,Steve Blake,SteveBlake5
1143,Eric Bledsoe,EBled2
1144,Keljin Blevins,KelBlev_
1145,Vander Blue,veezy_SQ
1146,Trevon Bluiett,trevonbluiett5
1147,Bennie Boatwright,benniebuckets__
1149,Buddy Boeheim,Buddy_Boeheim35
1150,Muggsy Bogues,MuggsyBogues
1151,Andrew Bogut,andrewbogut
1152,Matt Bonner,MattBonner_SAS
1153,Trevor Booker,35_Fitz
1154,Carlos Boozer,MisterCbooz
1156,Chris Bosh,chrisbosh
1157,Brandon Boston Jr.,bboston_
1158,James Bouknight,jam3s210
1159,Jamaree Bouyea,bouyea_ycl
1160,Jordan Bowden,_TheRealJBow
1161,Brian Bowen,tugs_
1162,Bruce Bowen,Bowen12
1163,Ryan Bowen,rybo40
1164,Avery Bradley,Avery0Bradley
1165,Malaki Branham,MalakiBranham
1166,Christian Braun,Ballin25Braun
1167,Corey Brewer,TheCoreyBrewer
1168,Ronnie Brewer,RonnieBrewerJr
1169,Izaiah Brockington,TheOnlyiZB
1170,Aaron Brooks,Thirty2zero
1171,Eli Brooks,EliJBrooks
1172,Garrison Brooks,__garro
1173,MarShon Brooks,Marshon2
1174,Alec Brown,AlecBrown21
1175,Chaundee Brown Jr.,cbrownballin935
1177,Dee Brown,deebrown11
1178,Gabe Brown,_Going_Pro_
1179,Greg Brown III,gb3elite
1180,Jabari Brown,Bari_BrownIDF
1181,Jaylen Brown,FCHWPO
1182,Kendall Brown,TheeKbrown
1184,Lorenzo Brown,Zo_Brown
1185,Markel Brown,iMarkelBrown22
1186,Tevin Brown,original_tev10
1188,Elijah Bryant,Elijah_Bryant3
1189,Kobe Bryant,kobebryant
1191,Chase Budinger,CBudinger
1192,Reggie Bullock,ReggieBullock35
1193,Trey Burke,TreyBurke
1194,Alec Burks,AlecBurks10
1195,Antonio Burks,antonioburks
1196,Jordan Burns,iamjburns_1
1197,Scott Burrell,sburrell24
1198,Caron Butler,realtuffjuice
1199,Jared Butler,J_Hooper11
1200,Jimmy Butler,JimmyButler
1201,John Butler,john_e_butler
1202,Rasual Butler,RasualButler45
1203,Dwight Buycks,BizzleWorld20
1204,Michael Cage,Exhoopsmc
1205,Jamal Cain,jamalcain24
1207,Nick Calathes,Nick_Calathes15
1208,José Calderón,JmCalderon
1209,Kentavious Caldwell-Pope,CaldwellPope
1210,Marcus Camby,MarcusCamby23
1211,Facundo Campazzo,facucampazzo
1212,Isaiah Canaan,SiP03
1213,Devin Cannady,devin_cannady3
1214,Brian Cardinal,BrianCardinal
1215,Antoine Carr,AntoineCarr55
1216,Austin Carr,MrCavalier34
1217,DeMarre Carroll,DeMarreCarroll1
1218,Matt Carroll,matt13carroll
1219,Vince Carter,mrvincecarter15
1220,Michael Carter-Williams,mcarterwilliams
1221,D.J. Carton,DJCarton
1222,Ahmad Caver,MAHDTHAGOD
1223,Cedric Ceballos,cedceballos
1224,Mario Chalmers,mchalmers15
1225,Julian Champagnie,JulianChampagn2
1226,Justin Champagnie,JusChampagnie
1227,Kennedy Chandler,KChandler_1
1228,Wilson Chandler,wilsonchandler
1229,Rex Chapman,RexChapman
1230,Vitalis Chikoko,Vitah23
1231,Josh Childress,JChillin
1232,Yoeli Childs,yochilds22
1233,Doug Christie,TheDougChristie
1234,Max Christie,Max12Christie
1235,Dionte Christmas,Dchristmas22
1236,Semaj Christon,SemajChriston
1237,Josh Christopher,Jaygup23
1238,Ian Clark,IanClark
1239,Jordan Clarkson,JordanClarksons
1240,Speedy Claxton,speeddeamon
1242,Mateen Cleaves,Mateen_Cleaves
1243,Derrick Coleman,44TheLegend
1245,Jarron Collins,jarronctwin
1246,Darren Collison,Darren_Collison
1247,Nick Collison,nickcollison4
1248,Mike Conley,mconley11
1249,Pat Connaughton,pconnaughton
1250,Will Conroy,CHILLCONROY
1251,Keandre Cook,_Drecook
1252,Michael Cooper,ShowtimeCooper
1253,Sharife Cooper,SharifeCooper
1255,DeMarcus Cousins,boogiecousins
1257,Robert Covington,Holla_At_Rob33
1258,Anthony Cowan Jr.,AnthonyCowanJr
1259,Allen Crabbe,allencrabbe
1260,Jamal Crawford,JCrossover
1261,Jordan Crawford,jcraw55
1263,Austin Croshere,AustinCroshere
1264,John Crotty,JohnCrottyHEAT
1265,Jae Crowder,CJC9BOSS
1266,Jalen Crutcher,Jalen_NoRose1
1267,Derek Culver,culver_derek
1268,Jarron Cumberland,Jarron3434
1269,Cade Cunningham,CadeCunningham_
1270,Dante Cunningham,DlamarC33
1271,Jared Cunningham,J1Flight
1272,Eddy Curry,Eddy_Curry
1274,Seth Curry,sdotcurry
1275,Stephen Curry,StephenCurry30
1276,DeAndre Daniels,D_Daniels2
1277,Dyson Daniels,DysonDaniels
1278,Marquis Daniels,Marquis_Daniels
1279,Troy Daniels,troydaniels
1280,Gigi Datome,GigiDatome
1281,Anthony Davis,AntDavis23
1282,Baron Davis,BaronDavis
1283,Ed Davis,eddavisXVII
1284,Glen Davis,iambigbaby11
1285,Johnny Davis,JohnnyDavis
1288,JD Davison,jddavison10
1289,Shawn Dawson,ShawnDawson8
1290,Austin Daye,Adaye5
1291,Darius Days,DariusDays3
1292,Gabriel Deck,gabriel_deck
1293,Dewayne Dedmon,d_dedmon3
1294,Vinny Del Negro,VinnyDHoops
1295,Javin DeLaurier,javind_12
1296,Carlos Delfino,cabezadelfino
1297,Matthew Dellavedova,matthewdelly
1299,Luol Deng,LuolDeng9
1300,DeMar DeRozan,DeMar_DeRozan
1301,Michael Devoe,mdevoe0
1302,Moussa Diabaté,M0ussaDiabate
1303,Boris Diaw,theborisdiaw
1304,Gorgui Dieng,GorguiDieng
1305,Ousmane Dieng,ousmane1121
1306,Spencer Dinwiddie,SDinwiddie_25
1307,DeSagana Diop,sagana7
1309,Vlade Divac,bgoodvlade
1311,Ayo Dosunmu,AyoDos_11
1313,Jeff Dowtin,JeffD_11
1314,Henri Drell,henridrell
1316,Andre Drummond,AndreDrummond
1317,Chris Duarte,C_Duarte5
1319,Jared Dudley,JaredDudley619
1320,David Duke Jr.,daviddukejr
1322,Ronald Dupree,RDupree12
1323,Kevin Durant,KDTrey5
1324,Jalen Duren,JalenDuren
1325,Anthony Duruji,Anthony_Duruji
1326,Cleanthony Early,Clearly_BallLyf
1327,Tari Eason,TAR13ASON
1328,Mark Eaton,markeaton7ft4
1331,Jaime Echenique,jaimeechenique
1332,Kessler Edwards,KesslerEdwards
1333,Kyler Edwards,kyleredwards_
1334,Rob Edwards,robedwardss2
1335,Wayne Ellington,WayneEllington
1336,Sean Elliott,seanelliott_32
1337,Keon Ellis,Tyrese_Ellis00
1338,Perry Ellis,PElliz
1341,Jon Elmore,elmore33
1342,Joel Embiid,JoelEmbiid
1343,Alex English,AlexEnglish_2
1344,Kim English,Englishscope24
1345,Tyler Ennis,TylerEnnis
1346,Julius Erving,JuliusErving
1347,Tyson Etienne,TheTyEtienne1
1348,Jeremy Evans,JeremyEvans40
1349,Reggie Evans,ReggieEvans30
1350,Tyreke Evans,TyrekeEvans
1352,Kenneth Faried,KennethFaried35
1353,Derrick Favors,dfavors14
1354,Carrick Felix,CarrickFelixIMC
1355,Raymond Felton,RFeltonGBMS
1356,Rudy Fernández,rudy5fernandez
1357,Landry Fields,landryfields
1358,L.J. Figueroa,Lj_Figueroa
1359,Michael Finley,MichaelFinley
1361,Derek Fisher,derekfisher
1362,Malachi Flynn,malachiflynn
1363,Simone Fontecchio,simofonte13
1364,Aleem Ford,aleemford
1365,T.J. Ford,tj_ford
1366,Marcus Foster,Swaggy2_
1367,Michael Foster Jr.,MikeFoster_
1368,Rick Fox,RickFox
1369,Randy Foye,randyfoye
1370,Adonal Foyle,afoyle3131
1371,Steve Francis,SteveFranchise3
1372,Walt Frazier,WaltFrazier
1373,Jimmer Fredette,jimmerfredette
1374,Enes Freedom,EnesFreedom
1375,Javon Freeman-Liberty,JavonFreemanLib
1376,Channing Frye,channingfrye
1377,Dan Gadzuric,DGadzuric
1378,Danilo Gallinari,gallinari8888
1379,Kevin Garnett,KevinGarnett5KG
1380,Diante Garrett,kingarrett10
1381,Marcus Garrett,ImMarcusGarrett
1382,Usman Garuba,Usmangaruba
1383,Luka Garza,LukaG_55
1384,Marc Gasol,MarcGasol
1385,Pau Gasol,paugasol
1386,Rudy Gay,RudyGay
1387,Alonzo Gee,GeeAlonzo
1388,Paul George,Yg_Trece
1389,Daniel Gibson,BooBysWorld1
1390,Taj Gibson,TajGibson
1391,Josh Giddey,joshgiddey
1392,Kendall Gill,kendallg13
1393,Romaro Gill,romarogill1994
1394,Collin Gillespie,Colling1021
1395,Artis Gilmore,ArtisGilmore53
1396,Jacob Gilyard,G1LYARD
1397,Manu Ginóbili,manuginobili
1398,Grant Golden,GrantGolden2
1399,Ryan Gomes,GotGomes
1400,Drew Gooden,DrewGooden
1401,Jordan Goodwin,JGood_0
1402,Aaron Gordon,Double0AG
1403,Eric Gordon,TheofficialEG10
1404,Kellan Grady,KellanGrady31
1405,Danny Granger,dgranger33
1406,Brian Grant,bwgrant
1407,Horace Grant,horacegrant54
1408,Jerami Grant,JeramiGrant
1409,RaiQuan Gray,Tgray4
1410,A.C. Green,NBA_Ironman
1412,Danny Green,DGreen_14
1413,Draymond Green,Money23Green
1414,Jalen Green,JalenGreen
1415,Jeff Green,unclejeffgreen
1416,AJ Griffin,whoisAG21
1417,Blake Griffin,blakegriffin23
1418,Quentin Grimes,qdotgrimes
1420,Isaac Haas,theoriginalhaas
1421,Rui Hachimura,rui_8mura
1422,Donta Hall,_DatBoi05
1423,Jordan Hall,jordanhall31
1424,Tyler Hall,tyler_hall1
1425,Bryce Hamilton,bham_10
1426,Jordan Hamilton,J_Goin_HAM
1427,Justin Hamilton,Justin__41
1428,Richard Hamilton,ripcityhamilton
1429,Rayshaun Hammonds,shaun_coolin
1430,Tyler Hansbrough,THANS50
1431,Travis Hansen,travishansen24
1432,Anfernee Hardaway,Iam1Cent
1433,Tim Hardaway,HardawaySr
1434,Tim Hardaway Jr.,T_HardJR
1435,James Harden,JHarden13
1436,Jaden Hardy,JadenHardy1
1438,Maurice Harkless,moe_harkless
1439,Derek Harper,D_Harp_12
1440,Ron Harper,HARPER04_5
1441,Ron Harper Jr.,__RHJR
1442,Matt Harpring,mharpring15
1443,Josh Harrellson,BigJorts55
1444,Al Harrington,cheddahcheese7
1445,Devin Harris,Dev34Harris
1446,Elias Harris,EliasJMHarris
1447,Gary Harris,thats_G_
1449,Kevon Harris,_kevonn22
1451,Manny Harris,313MannyHarris
1452,Mike Harris,TheRealMH33
1453,Tobias Harris,tobias31
1454,Udonis Haslem,ThisIsUD
1455,Sam Hauser,Big_Smooth10
1456,Spencer Hawes,spencerhawes00
1457,Ryan Hawkins,RyanHawkins8
1458,Chuck Hayes,c_hayes44
1460,Jaxson Hayes,hayes_jaxson
1461,Gordon Hayward,gordonhayward
1462,Spencer Haywood,SpencerHaywood
1463,Gerald Henderson,GhJr09
1464,Scoot Henderson,thereal013
1465,Aaron Henry,hennny11
1466,Pierriá Henry,Mnta90289373
1467,Xavier Henry,XavierHenry
1468,John Henson,Johnhenson31
1470,Chris Herren,c_herren
1471,Roy Hibbert,Roy_Meets_World
1473,George Hill,George_Hill3
1474,Grant Hill,realgranthill33
1475,Malcolm Hill,Malcolmillini21
1476,Solomon Hill,solohill
1477,Julius Hodge,Follow24Hodge
1478,Fred Hoiberg,ISUMayor32
1479,Jrue Holiday,Jrue_Holiday11
1480,Justin Holiday,JustHolla7
1481,Lionel Hollins,LionelHollins14
1482,Ryan Hollins,TheRyanHollins
1484,Chet Holmgren,ChetHolmgren
1485,Michael Holton,mdhhoops
1486,Caleb Homesley,get_buckets05
1487,Rodney Hood,rodneyhood
1488,Al Horford,Al_Horford
1489,Jeriah Horne,JeriahHorne41
1490,Caleb Houstan,CalebHoustan
1491,Allan Houston,ALLAN_HOUSTON
1492,Dwight Howard,DwightHoward
1493,Juwan Howard,JuwanHoward
1494,Trevor Hudgins,TrevorHudgins12
1495,Josh Huestis,jhuestis
1496,Jay Huff,jayhuff_
1497,Robbie Hummel,RobbieHummel
1498,Kris Humphries,KrisHumphries
1499,Feron Hunt,feronhunt11
1501,Bobby Hurley,BobbyHurley11
1502,Matthew Hurt,HurtMatthew
1503,Chandler Hutchison,CmoHutchison
1504,Bones Hyland,BizzyBones11
1505,Andre Iguodala,andre
1506,Kyrie Irving,KyrieIrving
1507,Allen Iverson,alleniverson
1508,Jaden Ivey,IveyJaden
1509,Royal Ivey,ROYALTIVEY
1510,Jarrett Jack,Jarrettjack03
1511,Bobby Jackson,TheBobbyJackson
1512,Isaiah Jackson,IJackson22
1513,Jim Jackson,jimjackson419
1514,Mark Jackson,MarkJackson13
1515,Quenton Jackson,_flyguyq
1516,Reggie Jackson,Reggie_Jackson
1517,Tamir Jackson,AgentPopJacks
1518,Bernard James,BernardJame5
1519,LeBron James,KingJames
1520,Mike James,mikejames7
1521,DeJon Jarreau,LaDeeky
1522,Justin Jaworski,JustinJaworski3
1523,Cory Jefferson,CoryJay34
1524,Damien Jefferson,DJTrey23
1525,Drake Jeffries,drakejeffries
1526,John Jenkins,JohnnyCashVU23
1527,Theo John,Theojohn123
1528,David Johnson,davidjohnson13
1529,Eddie Johnson,Jumpshot8
1530,Jalen Johnson,Jalen_J23
1531,James Johnson,IamJJ16
1532,Joe Johnson,TheJoeJohnson7
1533,Keon Johnson,iamkeonjohnson
1534,Kevin Johnson,KJ_MayorJohnson
1535,Magic Johnson,MagicJohnson
1536,Marques Johnson,olskool888
1537,Nino Johnson,NinoJohnson93
1538,Orlando Johnson,OrlandoVJohnson
1539,Reggie Johnson,Regg_42
1540,Wesley Johnson,WesJohnson4
1541,Nikola Jokić,JokicNikola15
1542,Carlik Jones,carlikjones
1543,Dahntay Jones,dahntay1
1544,Damon Jones,D19J
1545,Herbert Jones,_hoopinglife
1546,Kai Jones,242_jones
1547,Perry Jones,Perry_Jones1
1548,Terrence Jones,TerrenceJones1
1550,DeAndre Jordan,DeAndre
1552,Cory Joseph,Cory_Joe
1553,Nikola Jović,Jovic_5
1554,Johnny Juzang,JohnnyJuzang
1556,Ismael Kamagate,iampaslong
1557,Chris Kaman,ChrisKaman
1558,Trevor Keels,TrevorKeels
1559,Kylor Kelley,K3LL3Y24
1560,Ryan Kelly,RyanKelly34
1561,Greg Kelser,gkelser32
1562,Tim Kempton,SunsTK
1563,Steve Kerr,SteveKerr
1564,Walker Kessler,WalkerKessler13
1565,Braxton Key,btwice_11
1566,Jason Kidd,RealJasonKidd
1567,Michael Kidd-Gilchrist,MKG14
1568,Sacha Killeya-Jones,SKJ
1569,Stacey King,Stacey21King
1571,Corey Kispert,corey_kispert
1572,Reginald Kissoonlal,ReggieK_
1573,Brandon Knight,Goodknight11
1574,Brevin Knight,brevinknight22
1575,Christian Koloko,kolokojunior1
1577,Balša Koprivica,balsa_koprivica
1578,Kyle Korver,KyleKorver
1579,Kosta Koufos,kostakoufos
1583,Tommy Kuhse,TKuhse2
1584,Jonathan Kuminga,JonathanKuming6
1585,Christian Laettner,laettnerbball
1586,Doron Lamb,DLamb20
1587,Jeremy Lamb,jlamb
1588,Jock Landale,JockLandale
1589,Jake LaRavia,jacob_laravia3
1590,Shane Larkin,ShaneLarkin_3
1591,Zach LaVine,ZachLaVine
1592,A.J. Lawson,ItsAJLawson
1593,Ty Lawson,TyLawson3
1594,Courtney Lee,CourtneyLee5
1595,David Lee,Dlee042
1596,Alex Len,alexlen
1597,Kawhi Leonard,kawhileonard
1598,Meyers Leonard,MeyersLeonard
1599,Jon Leuer,JonLeuer30
1600,Justin Lewis,jusbuckets_5
1601,Matt Lewis,matyyl_
1602,Scottie Lewis,Scottie23L
1603,E.J. Liddell,EasyE2432
1604,DeAndre Liggins,Dreliggs34
1605,Damian Lillard,Dame_Lillard
1606,Jeremy Lin,JLin7
1607,Scottie Lindsey,biggshotscott
1608,Isaiah Livers,isaiah__02
1609,Kenneth Lofton Jr.,itzjunior35
1610,Brook Lopez,RealBrookLopez
1611,Robin Lopez,rolopez42
1612,Kevin Love,kevinlove
1614,Kyle Lowry,Klow7
1615,John Lucas,JLEnterprises
1616,John Lucas III,Luke1luk
1617,Gabriel Lundberg,IffeLundberg
1619,Shelvin Mack,ShelvinMack
1620,Mark Madsen,madsen_mark
1621,Corey Maggette,Corey_Maggette
1622,Will Magnay,MagnayWill
1623,Denzel Mahoney,denzel_mahoney
1624,Dan Majerle,DanMajerle
1625,Makur Maker,MakurMaker
1626,Karl Malone,TheDeliverer_32
1627,Sandro Mamukelashvili,Mamukelashvili5
1628,Karim Mané,KarimMane_
1629,Tre Mann,tre2mann3
1630,Danny Manning,coachdmanning
1631,Devyn Marble,DevMarble
1632,Stephon Marbury,StarburyMarbury
1633,Shawn Marion,matrix31
1634,Donyell Marshall,Dmarsh42
1635,Kendall Marshall,KButter5
1636,Cartier Martin,CartierMartin
1637,Kenyon Martin,KenyonMartinSr
1638,Kenyon Martin Jr.,kj__martin
1639,Tyrese Martin,resemartin4
1640,Jamal Mashburn,jamalmashburn
1641,Roger Mason,MoneyMase
1642,Bennedict Mathurin,BennMathurin
1643,Karlo Matković,KarloMatkovic15
1644,Charles Matthews,1CMatthews
1645,Wesley Matthews,WessyWes23
1646,Jason Maxiell,JasonMaxiell
1647,Vernon Maxwell,vernonmaxwell11
1648,Sean May,BigMay42
1649,Eric Maynor,EMaynor3
1650,Luc Mbah a Moute,mbahamoute
1651,James Michael McAdoo,jamesmcadoo
1652,Miles McBride,deucemcb11
1653,Ray McCallum,RayMac3
1657,Mac McClung,McclungMac
1658,CJ McCollum,CJMcCollum
1659,Tim McCormick,TimMcCormick40
1660,Javante McCoy,javantemccoy13
1661,K.J. McDaniels,KJMcDaniels
1662,Doug McDermott,dougmcdermott
1663,Hank McDowell,Skinnypalmer
1664,Mitch McGary,mitchmcgary
1665,JaVale McGee,JaValeMcGee
1666,Bryce McGowens,BryceMcgowens5
1667,Tracy McGrady,Real_T_Mac
1668,Cameron McGriff,cameron_mcgriff
1669,Jim McIlvaine,JimMcIlvaine
1670,Kevin McKenna,coachkmc3
1672,JaQuori McLaughlin,Jroc__3
1673,Ben McLemore,BenMcLemore
1675,Jordan McRae,JordyMac52
1676,Josh McRoberts,JoshMcRoberts11
1677,Jodie Meeks,Jmeeks20
1678,Khris Middleton,Khris22m
1679,Darius Miller,DmillerKY
1680,Isaiah Miller,isaiahmiller_1
1681,Mike Miller,MikeMiller_13
1682,Quincy Miller,qmillertime
1683,Reggie Miller,ReggieMillerTNT
1684,Patty Mills,Patty_Mills
1685,Terry Mills,terrymills_
1686,Paul Millsap,Paulmillsap4
1687,Yao Ming,YaoMing
1688,Josh Minott,joshminott
1689,Davion Mintz,deemintz1
1690,Nikola Mirotić,NikolaMirotic33
1691,Davion Mitchell,hoopculture13
1692,Sam Mitchell,SamMitchellNBA
1693,Tony Mitchell,TonyMitchUNENO
1694,Tony Mitchell,tmitch_5
1696,Evan Mobley,evanmobley
1697,Isaiah Mobley,MobleyIsaiah
1698,Aminu Mohammed,Aminumo2424
1699,Nazr Mohammed,NazrMohammed
1700,Iverson Molinar,MolinarIverson3
1702,Chima Moneke,Chimdogg_
1703,Greg Monroe,M10OSE
1704,E.J. Montgomery,EJMontgomery23
1705,Moses Moody,mosesmoody
1706,Xavier Moon,xavier_moon
1707,E'Twaun Moore,ETwaun55
1709,Wendell Moore Jr.,thewendellmoore
1711,Darius Morris,dariusmorris4
1712,Marcus Morris,MookMorris2
1713,Markieff Morris,Keefmorris
1714,Anthony Morrow,MrAnthonyMorrow
1715,Darryl Morsell,410D_
1716,Johnathan Motley,Moneymot5
1717,Arnett Moultrie,amoultrie
1718,Shabazz Muhammad,ShabazzMuhammad
1719,Ade Murkey,0_murk
1720,Trey Murphy III,treymurphy
1722,Keegan Murray,keegan3murray
1723,Tracy Murray,RealTracyMurray
1724,Toure' Murry,toure_murry
1726,Dikembe Mutombo,officialmutombo
1727,Hamady N'Diaye,H55ndiaye
1728,Shabazz Napier,ShabazzNapier
1729,Steve Nash,SteveNash
1731,Jameer Nelson,jameernelson
1732,Andrew Nembhard,AndrewNembhard
1733,RJ Nembhard Jr.,RubeNembhard
1735,Johnny Newman,jnewNBA
1736,Andrew Nicholson,nicholaf44
1737,Daishen Nix,djfromveg
1738,Norm Nixon,NormNixon
1739,Joakim Noah,JoakimNoah
1740,Andrés Nocioni,SoyElChapu
1741,Steve Novak,stevenovak16
1742,Dirk Nowitzki,swish41
1743,James Nunnally,allornunn21
1744,Yannick Nzosa,yannick_nzosa
1745,Patrick O'Bryant,13POB13
1746,Alex O'Connell,Alex_OC11
1747,Shaquille O'Neal,SHAQ
1748,Shareef O'Neal,SSJreef
1749,Kyle O'Quinn,Kyle_OQuinn
1751,Lamar Odom,RealLamarOdom
1753,Emeka Okafor,BigMek50
1754,Jahlil Okafor,JahlilOkafor
1755,Onyeka Okongwu,BigO21_
1756,Mehmet Okur,MehmetOkur13
1757,Victor Oladipo,VicOladipo
1758,Hakeem Olajuwon,DR34M
1759,Kelly Olynyk,KellyOlynyk
1761,E.J. Onu,ej35_
1762,Arinze Onuaku,arinze_onuaku
1763,Daniel Orton,danielorton21
1764,Jaysean Paige,born_ready0
1766,Kevin Pangos,KPangos
1767,Jannero Pargo,jpargo1
1768,Anthony Parker,_AnthonyParker
1769,Jabari Parker,JabariParker
1770,Tony Parker,tonyparker
1771,Chandler Parsons,ChandlerParsons
1772,Devonte Patterson,devontedawayne
1773,Lamar Patterson,LP21_
1774,Patrick Patterson,pdpatt
1776,Chris Paul,CP3
1777,Adreian Payne,Adreian_Payne
1778,Elfrid Payton,elfrid
1779,Gary Payton,GaryPayton
1781,Elijah Pemberton,ElijahPemberto1
1782,Will Perdue,Will_Perdue32
1783,Jim Petersen,JimPeteHoops
1784,Morris Peterson,mopete24
1785,Filip Petrušev,PetrusevFilip
1786,John Petty Jr.,jpetty2324
1787,Jamorko Pickett,JamorkoP1
1788,Paul Pierce,paulpierce34
1789,Nate Pierre-Louis,Nate_PL
1790,Scottie Pippen,ScottiePippen
1791,Scotty Pippen Jr.,spippenjr
1792,Daeqwon Plowden,DaeqwonPlowden
1793,Mason Plumlee,masonplumlee
1794,Miles Plumlee,milesplumlee13
1796,Olden Polynice,OldenPolynice1
1797,Quincy Pondexter,QuincyPondexter
1798,Yves Pons,Airpons
1799,Jontay Porter,JontayPorter
1800,Otto Porter Jr.,OttoPorter
1802,Micah Potter,BigJam_23
1803,Leon Powe,Leon_Powe
1804,Dwight Powell,DwightPowell33
1805,Josh Powell,JP21Reasons
1806,Phil Pressey,philpressey
1807,Jason Preston,Treballjay11
1808,A.J. Price,realAJPrice
1809,Mark Price,Mark25Price
1810,Joshua Primo,JoshuaPrimo4
1811,Gabriele Procida,GabrieleProcid9
1812,Laron Profit,Profit4eva
1813,Neemias Queta,nemi1599
1814,Lester Quinones,Effort_les
1815,Brandon Rachal,breezy_thegreat
1816,Julius Randle,J30_RANDLE
1817,Anthony Randolph,TheARandolph
1818,Zach Randolph,MacBo50
1819,Theo Ratliff,shotblocker42
1820,Leo Rautins,LeoRautins
1821,J.J. Redick,jj_redick
1822,A.J. Reeves,ajreeves11
1823,Nate Renfro,nate_renfro
1824,Jared Rhoden,ihoop_jaay
1825,Glen Rice,glenrice41
1826,Jason Richardson,jrich23
1827,Quentin Richardson,QRich
1828,Mitch Richmond,MitchRichmond23
1829,Austin Rivers,AustinRivers25
1830,Doc Rivers,DocRivers
1831,Andre Roberson,FlyDre21
1832,Clifford Robinson,UncleCliffy30
1833,David Robinson,DavidtheAdmiral
1834,Nate Robinson,nate_robinson
1835,Orlando Robinson,lamon_legend
1836,Thomas Robinson,Trobinson0
1837,Glenn Robinson III,GRIII
1838,Jeremiah Robinson-Earl,ThisIsJRE
1839,David Roddy,droddy22
1840,Sergio Rodríguez,SergioRodriguez
1841,Ryan Rollins,_moneyballry
1842,Rajon Rondo,RajonRondo
1843,Derrick Rose,drose
1844,Jalen Rose,jalenrose
1845,Quinton Rose,qrose_3
1848,Terrence Ross,TerrenceRoss
1849,Ricky Rubio,rickyrubio9
1851,Brandon Rush,BRush_25
1852,Kareem Rush,kareemrush
1853,Bill Russell,realbillrussell
1854,Bryon Russell,BRuss3
1855,Matt Ryan,Matt_Ryan04
1856,Robert Sacre,Bobby_Sacre
1857,John Salley,thejohnsalley
1858,Jermaine Samuels,J_Swizz23
1859,Larry Sanders,l8show_thegoat
1860,Gui Santos,guisantos_4
1861,Dario Šarić,dariosaric
1862,Olivier Sarr,sarr_olivier
1863,Brian Scalabrine,Scalabrine
1865,Jordan Schakel,jordanschakel
1866,Detlef Schrempf,Dschrempf
1867,Luis Scola,LScola4
1868,Dennis Scott,dennis3dscott
1869,Mike Scott,mikescott
1870,Tre Scott,trescott13
1871,Dereon Seabron,DBSeabron1
1873,Alperen Şengün,alperennsengun
1874,Ramon Sessions,SessionsRamon
1875,Nate Sestina,NateSestina23
1876,Jaden Shackelford,jayunooo
1877,Day'Ron Sharpe,dayron_sharpe
1878,Shaedon Sharpe,ShaedonSharpe
1879,Devontae Shuler,Devontae_Shuler
1881,Iman Shumpert,imanshumpert
1882,Bobby Simmons,bobbysimmons21
1883,Aamir Simms,EarlShmitty_
1884,Henry Sims,H_Sims14
1885,Jaylen Sims,jaylen_sims
1888,Kyle Singler,KyleSingler
1889,Chris Singleton,C_SING31
1891,Peyton Siva,PeypeySiva3
1892,Tamar Slay,slay9
1893,Donald Sloan,dsloan15
1894,Javonte Smart,JavonteSmart
1895,Marcus Smart,smart_MS3
1896,Chris Smith,SCS599
1897,Craig Smith,Csmeezy1
1898,Dru Smith,dru_smith_12
1899,Greg Smith,Ju_Smith4
1900,Ish Smith,IshSmith
1901,J.R. Smith,TheRealJRSmith
1902,Jabari Smith Jr.,jabarismithjr
1903,Jason Smith,JasonSmith014
1904,Joe Smith,JoeBeast95
1905,Justin Smith,justinsmith3_
1906,Kenny Smith,TheJetOnTNT
1908,Steve Smith,steve21smith
1909,Tony Smith,AnalystTSmith34
1910,Xavier Sneed,Luh_Sneed
1911,Tony Snell,TonySnell21_
1912,Jeremy Sochan,JeremySochan
1913,Matteo Spagnolo,SpagnoloMatteo9
1914,Marreese Speights,Mospeights16
1916,Tiago Splitter,tiagosplitter
1917,Larry Spriggs,spriggy35
1918,Jaden Springer,JadenSpringer11
1919,Jerry Stackhouse,jerrystackhouse
1920,Terence Stansbury,360StatueofLibe
1921,John Starks,StarksTheDunk
1922,Juwan Staten,JuwanStaten3
1923,Nik Stauskas,NStauskas11
1924,Lance Stephenson,StephensonLance
1925,DJ Steward,djstewardd
1926,D.J. Stewart Jr.,djstewart187
1927,Greg Stiemsma,gregstiemsma
1928,Jarnell Stokes,JarnellStokes
1929,Julyan Stone,Julyan_Stone
1931,Rod Strickland,rod_strickland
1932,Jalen Suggs,jalensuggs
1933,Jared Sullinger,Jared_Sully0
1934,Cole Swider,coleswider21
1935,Craig Sword,Chicksword3232
1936,Wally Szczerbiak,wallyball
1937,Chris Taft,BlessedTaft
1938,Anthony Tarke,AnthonyTarke
1939,Terry Taylor,TerryTaylor21
1940,Tyshawn Taylor,tyshawntaylor
1941,Jeff Teague,Teague0
1942,MaCio Teague,_MrDoWork
1943,Marquis Teague,marquisteague25
1944,Sebastian Telfair,BassyS31T
1945,Garrett Temple,GTemp17
1946,Dalen Terry,DalenTerry
1947,Jason Terry,jasonterry31
1948,Jon Teske,JonTeske
1949,Hasheem Thabeet,HasheemTheDream
1950,Xavier Thames,Xthames2
1951,Reggie Theus,ReggieTheus
1952,Adonis Thomas,AllDayThomas
1953,Brodric Thomas,BT3bvckets
1954,Cam Thomas,24_camthomas
1955,Isaiah Thomas,isaiahthomas
1956,Isiah Thomas,IsiahThomas
1957,Lance Thomas,MrLance42
1958,Ethan Thompson,_ethanthompson5
1959,Jason Thompson,jtthekid
1960,Klay Thompson,KlayThompson
1961,Mychal Thompson,champagnennuts
1962,Tristan Thompson,RealTristan13
1963,JT Thor,thorrjt
1964,Al Thornton,AThornton14
1965,Marcus Thornton,OfficialMT23
1967,Justin Tillman,JTillman23
1968,Jeremiah Tilmon,jeremiahtilmon_
1969,Jamaal Tinsley,jatinsley
1970,Isaiah Todd,zaytodd
1971,Anthony Tolliver,ATolliver44
1972,Luke Travers,luke_travers
1973,Ronny Turiaf,Ronny_Turiaf
1974,Evan Turner,thekidet
1975,Breein Tyree,Breeintyree
1976,Ekpe Udoh,EkpeUdoh
1977,Stanley Umude,StanleyUmude_
1978,Jonas Valančiūnas,JValanciunas
1981,Nick Van Exel,vanexel31
1982,Jarvis Varnado,RealSwat32
1983,Greivis Vásquez,greivisvasquez
1985,Christian Vital,I_AMCV
1986,Nikola Vučević,NikolaVucevic
1987,Dwyane Wade,DwyaneWade
1988,Von Wafer,vonwafer13
1989,Franz Wagner,franzboogie
1990,Ish Wainright,Wainright24
1991,Dion Waiters,dionwaiters3
1992,Antoine Walker,WalkerAntoine8
1994,Jabari Walker,JabariWalker
1995,Kemba Walker,KembaWalker
1996,M.J. Walker,Mjwalker_23
1997,John Wall,JohnWall
1998,Keaton Wallace,KeatonWallace22
2000,Bill Walton,BillWalton
2002,T.J. Warren,TonyWarrenJr
2003,Hakim Warrick,hdubb21
2005,Duane Washington Jr.,dwizthekid4
2006,TyTy Washington Jr.,tytywashington3
2007,Lindy Waters III,LindyWatersIII
2008,Trendon Watford,trendonw
2009,C.J. Watson,quietstorm_32
2010,Earl Watson,Earl_Watson
2011,Ibi Watson,ibi_watson_2
2012,Peyton Watson,peytonwatson_
2013,Maalik Wayns,MaalikWayns2
2014,Chris Webber,realchriswebber
2015,Romeo Weems,romeoweems_uno
2016,Bonzi Wells,BonziWells
2017,Bill Wennington,34billy42
2018,Blake Wesley,blakewesley0
2019,David West,D_West30
2021,Mark West,mwest41
2022,Charlie Westbrook,C_Westbrook1
2023,Russell Westbrook,russwest44
2025,Isaiah Whaley,IsaiahWhaley
2026,Phillip Wheeler,pjwheeler04
2027,Fabian White Jr.,3five_
2028,Jack White,5jackwhite
2029,Joe Wieskamp,JWieskamp21
2030,Aaron Wiggins,Aaron_Wiggins_
2031,Andrew Wiggins,22wiggins
2032,C.J. Wilcox,UCjwilcox23W
2033,Damien Wilkins,dwilkins3000
2034,Dominique Wilkins,DWilkins21
2035,Alondes Williams,moneymanman31
2036,Brandon Williams,TheeBWill
2037,Bryson Williams,Bwillington11
2038,Deron Williams,DeronWilliams
2039,Derrick Williams,DWXXIII
2040,Donovan Williams,STGDwill
2041,Elliot Williams,ewill901
2042,Jalen Williams,JdubPSCEO
2043,Jay Williams,RealJayWilliams
2044,Jaylin Williams,Jay_MWilliams_
2046,Jerome Williams,JunkYardDogJW
2047,Mark Williams,MarkWi1liams
2048,Mo Williams,mowilliams
2049,Reggie Williams,reggiew55
2050,Shelden Williams,SheldenWilliams
2051,Trevion Williams,twill___
2052,Vince Williams Jr.,Vincentwiliams
2053,Ziaire Williams,therealZiaire
2055,Lucas Williamson,lucasw2424
2056,Dylan Windler,Dylan_Windler23
2057,Dave Winfield,DaveWinfieldHOF
2058,James Wiseman,BigTicket_JW
2059,Jeff Withey,JeffWithey
2060,Nate Wolters,NateWolters
2061,James Worthy,JamesWorthy42
2062,Brandan Wright,bwright34
2063,Chris Wright,flyght33wright
2064,Dorell Wright,DWRIGHTWAY1
2065,McKinley Wright IV,kin_wright25
2066,Moses Wright,mant12_
2067,Tony Wroten,TWroten_LOE
2068,James Young,realjamesyoung
2069,Nick Young,NickSwagyPYoung
2070,Thaddeus Young,yungsmoove21
2072,Marcus Zegarowski,MZegarowski1
2073,Cody Zeller,CodyZeller
2074,Tyler Zeller,ZellerTyler